user_ID,gender,age,height,weight,duration,heart_rate,body_temp
1,Male,48,157.5,50.9,32,107,37.5
2,Female,63,173.5,50.1,55,92,37.5
3,Female,26,191.6,93.1,39,127,36.3
4,Female,55,150.8,63.2,76,161,37.4
5,Male,34,163.6,63.4,101,89,36.0
6,Male,36,150.1,95.7,42,176,37.3
7,Male,61,170.8,53.8,115,175,37.7
8,Female,21,186.4,71.9,12,169,36.2
9,Female,28,189.9,60.5,78,143,38.3
10,Female,39,197.3,90.6,92,149,37.1
11,Male,21,180.4,96.3,51,138,38.3
12,Male,34,162.7,100.5,71,130,36.3
13,Male,25,196.2,67.9,67,130,38.4
14,Male,63,188.8,56.2,66,173,36.3
15,Male,51,178.7,55.5,10,88,37.2
16,Female,28,184.8,79.8,111,82,38.3
17,Male,48,196.2,116.2,82,93,36.6
18,Female,28,185.6,65.2,69,143,36.1
19,Female,55,168.4,68.0,78,74,38.0
20,Male,38,185.7,57.1,68,156,37.5
21,Female,63,152.0,92.4,55,112,37.3
22,Male,47,169.3,97.6,115,76,36.1
23,Male,27,170.3,95.0,43,123,37.6
24,Female,43,158.3,110.3,110,143,36.4
25,Male,44,151.2,84.0,106,120,38.3
26,Male,25,156.7,59.4,34,116,37.7
27,Female,56,182.7,70.3,51,136,37.8
28,Female,25,190.1,96.4,38,167,36.6
29,Female,25,199.4,92.9,34,147,38.2
30,Female,51,167.3,87.2,63,177,37.3
31,Female,33,180.0,97.8,82,170,38.1
32,Female,58,196.9,94.6,76,179,36.7
33,Male,30,158.4,111.7,24,96,37.9
34,Male,40,185.9,91.0,13,66,37.4
35,Male,29,187.7,104.5,118,67,36.1
36,Female,44,154.4,67.4,47,146,37.0
37,Male,39,193.1,97.5,29,137,36.5
38,Female,49,190.7,113.2,32,127,36.9
39,Male,44,151.7,77.0,46,80,37.0
40,Female,19,154.6,104.5,71,120,37.2
41,Male,62,152.5,100.7,17,169,37.5
42,Female,50,166.7,54.2,46,133,37.4
43,Female,43,175.5,90.7,54,145,36.1
44,Female,45,176.6,59.1,106,153,37.9
45,Female,36,163.4,117.7,42,153,38.4
46,Male,60,195.6,106.8,16,139,36.9
47,Male,22,168.4,57.7,31,134,36.4
48,Female,50,152.3,58.5,14,145,37.4
49,Female,37,165.0,91.6,119,88,37.8
50,Female,47,176.6,74.1,24,84,37.7
51,Male,62,170.4,52.4,30,117,37.5
52,Female,25,163.7,87.9,98,73,36.4
53,Female,55,156.6,77.1,26,137,38.1
54,Male,34,191.0,57.1,65,125,37.1
55,Female,61,199.8,106.1,59,113,36.6
56,Female,18,166.5,114.1,16,136,36.2
57,Male,20,169.1,103.0,59,126,37.0
58,Female,63,180.9,107.6,69,89,37.5
59,Female,43,185.9,65.2,92,77,37.7
60,Male,48,169.6,68.5,16,113,38.4
61,Female,25,195.2,64.6,49,159,36.4
62,Male,60,178.0,103.6,54,80,38.5
63,Female,63,172.5,116.4,68,112,37.6
64,Female,25,182.3,100.2,97,142,37.1
65,Female,52,197.6,111.7,84,75,38.2
66,Female,56,189.7,94.7,114,87,37.7
67,Female,45,152.0,77.1,64,63,36.9
68,Male,21,166.6,79.8,73,174,38.2
69,Female,33,173.5,55.3,74,114,37.7
70,Female,30,165.7,52.2,63,74,37.7
71,Male,37,185.0,98.7,105,123,38.2
72,Male,22,191.3,80.7,49,124,37.1
73,Female,54,186.6,88.7,62,171,37.6
74,Male,37,199.5,89.0,53,170,37.9
75,Female,41,163.6,69.4,72,75,37.1
76,Male,53,193.7,83.3,11,177,36.2
77,Male,51,188.3,83.0,88,79,37.9
78,Female,62,168.1,77.2,30,123,36.1
79,Male,51,186.7,107.4,97,92,37.8
80,Female,36,155.2,81.6,59,140,38.3
81,Male,34,189.5,92.3,90,128,36.9
82,Male,22,176.6,112.7,61,128,36.3
83,Male,42,164.6,110.6,18,117,36.6
84,Female,35,182.8,112.3,108,98,37.4
85,Female,25,182.1,68.9,29,136,38.4
86,Male,44,160.5,52.4,92,167,37.3
87,Female,32,151.5,68.3,27,95,36.3
88,Female,62,171.7,69.5,93,153,37.6
89,Female,30,178.5,113.7,39,127,37.8
90,Male,33,193.8,95.4,113,146,37.0
91,Female,39,196.4,55.7,74,80,37.8
92,Male,37,176.4,59.5,33,122,36.8
93,Male,30,187.7,60.9,97,144,38.0
94,Male,37,172.0,94.1,56,65,36.9
95,Male,19,187.3,101.5,92,83,36.6
96,Male,52,160.2,110.2,103,170,38.2
97,Female,64,168.6,115.8,99,112,37.4
98,Female,36,181.7,64.1,115,154,36.7
99,Male,62,150.9,71.7,53,142,38.3
100,Female,54,186.1,66.8,111,161,37.7
101,Female,23,191.8,75.1,38,135,36.6
102,Female,31,170.0,114.0,86,137,37.5
103,Female,21,172.4,90.3,77,109,38.2
104,Female,39,192.6,101.7,118,71,37.7
105,Female,56,188.8,84.3,26,115,36.6
106,Female,53,164.4,52.0,106,179,37.6
107,Male,51,166.2,54.5,14,74,37.5
108,Male,44,183.9,87.7,101,142,38.1
109,Male,24,178.2,100.3,97,151,36.4
110,Female,20,158.1,65.1,90,99,37.7
111,Female,64,165.5,100.5,59,100,36.1
112,Male,50,195.0,106.7,112,128,37.7
113,Female,19,184.4,78.8,49,128,38.4
114,Female,59,199.3,102.2,117,65,36.4
115,Male,33,188.4,78.3,55,146,36.8
116,Male,42,197.1,97.5,60,126,37.5
117,Male,32,160.8,103.5,20,160,37.8
118,Female,41,188.6,119.4,21,92,36.9
119,Female,32,151.0,74.2,22,102,37.7
120,Female,48,183.5,78.8,73,80,38.2
121,Male,31,173.5,61.6,17,143,37.8
122,Male,31,167.3,64.3,74,124,37.8
123,Female,23,193.1,98.5,18,162,37.0
124,Male,31,192.7,114.2,101,170,38.3
125,Male,34,151.1,77.6,11,76,36.7
126,Female,35,180.5,62.6,87,152,36.5
127,Male,37,168.4,70.0,22,67,36.9
128,Male,34,170.8,81.9,11,123,37.6
129,Male,33,191.6,70.3,77,149,38.2
130,Female,57,165.5,66.4,85,87,36.3
131,Female,56,197.2,101.5,57,157,38.0
132,Male,49,159.0,50.5,83,149,38.0
133,Female,61,183.1,87.7,12,72,37.5
134,Female,26,183.6,105.6,77,167,37.9
135,Female,44,162.6,68.6,15,160,36.5
136,Male,63,166.2,92.2,96,72,36.4
137,Female,50,191.7,96.8,14,97,38.2
138,Male,27,188.1,95.9,12,84,37.2
139,Male,34,166.5,81.2,19,170,36.6
140,Female,53,176.7,74.3,52,121,37.7
141,Male,34,153.1,108.5,28,82,38.2
142,Female,35,160.4,103.1,23,145,37.6
143,Female,40,174.3,72.5,30,80,36.9
144,Male,51,154.3,57.2,52,113,37.2
145,Male,25,192.2,55.0,37,122,37.9
146,Female,30,185.9,56.6,30,89,36.2
147,Female,40,197.2,90.8,45,134,36.5
148,Female,37,184.7,53.6,33,127,37.2
149,Female,39,197.0,73.6,63,156,37.5
150,Male,64,177.7,102.7,47,170,36.8
151,Male,40,180.0,70.6,26,135,36.7
152,Male,58,198.8,103.4,31,132,36.1
153,Female,52,182.1,102.2,92,91,36.1
154,Male,20,151.5,67.2,54,134,36.7
155,Male,51,186.2,101.0,83,160,37.3
156,Male,50,195.3,102.3,70,83,37.4
157,Male,63,189.8,77.8,20,66,37.2
158,Female,34,179.2,64.7,70,131,37.0
159,Male,62,183.6,86.5,47,156,36.6
160,Male,36,199.5,114.5,75,148,37.0
161,Male,47,154.5,94.8,42,60,36.3
162,Male,40,183.4,62.1,52,62,36.3
163,Female,32,164.2,97.8,40,163,36.7
164,Female,31,182.0,79.9,44,87,38.5
165,Male,19,180.4,91.4,46,102,36.8
166,Female,56,157.7,101.4,56,156,38.3
167,Female,35,160.3,86.0,109,105,37.0
168,Female,23,181.1,107.0,32,60,37.1
169,Female,49,156.4,100.6,45,97,38.0
170,Male,38,163.3,93.1,49,176,36.2
171,Female,57,191.8,60.6,112,150,36.5
172,Female,45,166.4,108.5,99,161,38.4
173,Male,44,174.4,115.5,98,94,37.3
174,Male,19,197.1,59.6,90,133,36.1
175,Male,50,161.4,84.2,24,135,36.1
176,Male,33,169.5,68.1,46,133,38.3
177,Female,56,180.3,102.8,118,113,38.2
178,Male,39,187.8,100.5,13,157,37.1
179,Female,60,195.1,59.9,31,83,36.4
180,Female,64,195.8,111.4,90,87,38.1
181,Male,30,188.8,62.7,31,81,36.8
182,Male,19,161.4,105.8,90,168,37.0
183,Female,31,151.2,82.0,87,75,37.7
184,Female,55,169.2,73.0,87,72,36.9
185,Male,58,157.1,61.1,26,159,37.6
186,Male,45,185.5,61.7,81,159,38.2
187,Male,24,183.1,96.3,107,121,38.0
188,Female,35,152.2,88.5,99,102,37.0
189,Female,58,191.8,58.5,118,146,36.7
190,Male,53,162.4,57.9,103,137,36.7
191,Female,58,171.6,55.1,95,91,36.9
192,Male,53,183.4,102.1,89,126,37.2
193,Female,61,171.5,99.8,103,150,37.0
194,Female,21,172.1,54.1,89,142,36.3
195,Male,47,153.3,89.2,47,145,36.4
196,Male,41,170.1,55.9,33,116,36.9
197,Male,37,188.2,113.3,109,124,37.4
198,Female,63,195.8,113.5,108,128,37.5
199,Female,48,170.7,98.9,15,108,37.2
200,Male,41,171.2,114.8,77,92,37.8
201,Female,24,185.1,106.8,91,174,37.8
202,Male,43,197.1,108.0,15,78,37.1
203,Female,30,163.4,89.9,35,95,36.3
204,Male,25,172.0,71.4,110,174,37.3
205,Female,22,189.8,65.2,100,129,37.0
206,Female,61,180.5,72.9,50,74,36.3
207,Female,30,155.5,94.0,84,159,38.5
208,Female,46,181.4,62.1,47,179,36.9
209,Male,37,159.3,68.1,89,156,37.6
210,Female,31,175.5,82.8,92,83,37.2
211,Male,49,176.5,66.3,52,86,36.4
212,Male,44,193.8,91.2,62,108,36.1
213,Male,42,173.1,114.6,24,134,37.6
214,Male,21,164.0,102.4,99,172,36.6
215,Female,38,161.5,96.6,65,82,36.6
216,Male,35,193.7,90.8,114,92,38.4
217,Female,56,158.6,84.2,65,100,37.2
218,Female,32,171.3,63.1,40,169,36.1
219,Female,55,159.4,112.6,92,170,36.8
220,Female,41,188.7,67.4,66,115,37.5
221,Male,25,173.7,56.4,60,88,36.8
222,Female,45,167.6,102.5,33,90,36.1
223,Male,38,168.1,62.3,67,124,37.1
224,Female,33,192.6,76.0,82,157,36.3
225,Female,33,177.7,52.0,96,77,37.5
226,Male,52,185.9,59.6,13,141,37.5
227,Female,34,194.9,62.1,19,65,36.1
228,Female,26,195.1,53.8,72,111,36.7
229,Female,52,166.4,96.0,82,99,37.0
230,Female,46,197.6,108.6,92,124,37.4
231,Female,56,151.2,76.1,24,170,36.7
232,Male,35,168.8,111.2,107,101,36.7
233,Female,29,194.8,64.9,115,153,38.5
234,Female,36,163.7,72.8,72,127,36.1
235,Male,39,163.7,60.6,28,91,38.5
236,Female,32,165.1,93.4,72,69,36.1
237,Male,18,180.6,79.4,65,166,36.7
238,Female,19,171.9,92.9,30,128,37.2
239,Female,25,186.3,103.3,43,68,36.4
240,Male,39,194.7,88.2,26,128,36.3
241,Female,42,183.7,93.9,27,120,36.6
242,Female,19,160.2,115.5,90,70,38.4
243,Male,26,196.6,70.9,75,158,37.0
244,Male,26,163.2,75.1,60,150,37.4
245,Female,30,157.5,100.2,74,127,37.8
246,Male,23,154.5,92.8,52,133,37.9
247,Female,47,178.2,62.5,66,162,37.7
248,Male,32,155.7,76.3,19,156,36.8
249,Female,32,156.9,82.7,46,161,36.3
250,Male,24,165.0,79.4,57,67,36.7
251,Male,28,164.1,62.5,78,108,36.5
252,Male,57,180.2,114.7,65,83,36.3
253,Male,55,190.8,103.4,85,162,36.1
254,Male,57,188.1,83.7,45,92,38.3
255,Male,19,163.1,97.6,40,164,38.3
256,Male,56,162.3,112.8,64,166,36.1
257,Male,27,198.3,59.5,47,78,36.4
258,Male,61,150.4,67.5,82,61,36.3
259,Female,34,194.0,88.0,117,114,36.7
260,Male,24,160.0,105.9,99,70,36.5
261,Female,57,197.4,52.5,24,158,38.4
262,Male,56,167.1,118.9,25,76,36.2
263,Female,21,172.0,81.8,86,101,36.5
264,Female,52,185.4,75.1,98,120,36.2
265,Male,64,179.4,70.5,103,62,38.5
266,Male,53,165.9,62.2,62,145,38.3
267,Female,48,177.7,105.4,65,94,37.8
268,Female,42,186.5,116.9,16,144,37.1
269,Male,58,152.1,79.0,66,148,36.5
270,Male,30,150.6,116.7,64,162,36.6
271,Male,35,172.9,107.7,61,125,37.1
272,Female,38,156.6,83.7,13,60,37.9
273,Male,18,183.2,97.2,52,66,36.7
274,Male,53,160.7,80.4,49,79,36.8
275,Male,25,171.6,89.1,111,102,37.5
276,Male,38,159.9,54.1,39,178,36.6
277,Male,60,177.4,98.7,19,65,37.5
278,Female,38,155.8,53.7,103,114,37.0
279,Female,44,151.2,107.2,112,159,36.1
280,Male,36,152.6,107.7,16,174,37.0
281,Male,40,197.7,66.6,45,80,38.3
282,Female,60,157.1,72.7,44,110,36.7
283,Male,52,185.4,83.7,97,105,36.8
284,Female,57,153.4,91.8,48,94,36.2
285,Male,59,155.4,70.1,45,159,37.5
286,Female,22,175.4,91.5,118,67,38.1
287,Female,58,173.2,70.8,29,173,36.9
288,Male,25,197.6,53.9,58,127,36.6
289,Female,28,197.2,50.2,105,166,38.4
290,Male,33,189.0,57.1,68,75,37.9
291,Female,56,180.1,105.5,112,126,37.4
292,Male,64,172.7,117.3,58,130,36.8
293,Male,41,167.8,79.9,99,123,36.6
294,Male,38,197.4,85.9,35,61,37.8
295,Female,40,180.1,60.3,45,60,37.3
296,Male,55,179.0,88.6,52,117,37.3
297,Male,64,161.6,60.1,108,60,36.2
298,Male,25,152.3,92.8,52,161,37.3
299,Female,24,197.3,115.3,108,174,38.1
300,Male,19,165.7,63.7,85,66,38.4
301,Female,47,172.1,103.5,42,147,36.3
302,Female,30,155.7,51.6,109,128,37.6
303,Female,40,191.8,76.3,87,144,37.4
304,Male,46,151.4,57.8,106,151,38.2
305,Male,55,191.7,74.7,119,77,37.9
306,Female,54,157.0,62.1,54,147,38.4
307,Male,37,194.3,76.1,54,91,38.4
308,Male,50,186.5,79.2,97,104,36.6
309,Female,46,158.2,71.0,24,92,37.8
310,Female,32,178.3,96.0,104,133,37.3
311,Male,40,165.6,114.3,26,132,36.5
312,Female,59,158.9,78.0,21,108,36.5
313,Male,20,193.0,63.5,31,92,36.2
314,Female,54,170.2,69.0,32,156,38.0
315,Male,46,169.9,109.8,99,130,36.8
316,Male,62,158.5,90.0,87,127,38.1
317,Female,25,169.2,81.9,21,87,37.5
318,Male,39,193.6,60.5,77,146,37.7
319,Male,46,168.2,81.5,119,112,36.7
320,Female,19,197.6,69.5,60,155,37.1
321,Male,58,197.3,116.0,22,103,37.0
322,Male,62,157.2,111.9,66,139,36.6
323,Male,18,158.9,55.9,64,169,38.1
324,Female,61,193.1,86.2,91,114,37.6
325,Female,37,169.6,65.8,116,69,36.1
326,Female,38,150.2,78.8,37,73,38.0
327,Female,54,163.7,111.4,111,162,36.3
328,Female,25,179.9,86.9,114,95,37.0
329,Male,44,190.0,73.4,53,93,37.4
330,Male,64,156.7,64.6,28,147,36.0
331,Male,52,155.5,106.0,55,77,37.6
332,Female,23,196.1,93.7,116,75,37.6
333,Male,62,187.6,82.8,111,164,37.6
334,Female,61,179.5,65.2,119,96,36.4
335,Male,36,188.5,73.4,12,100,36.6
336,Female,35,171.4,117.2,92,84,36.6
337,Male,18,187.9,86.4,29,67,38.4
338,Male,42,168.6,78.0,34,147,36.2
339,Female,44,162.2,86.5,84,143,37.1
340,Male,24,186.5,104.5,65,171,38.2
341,Male,61,171.0,73.8,90,153,37.9
342,Female,59,199.1,62.5,70,143,38.1
343,Male,46,167.5,90.9,64,77,38.4
344,Male,48,196.1,96.6,44,127,37.0
345,Female,61,196.6,99.9,87,107,36.8
346,Female,60,162.1,111.7,68,159,36.1
347,Female,53,189.9,76.0,48,129,36.4
348,Female,36,171.7,55.3,66,126,37.4
349,Female,23,195.9,117.1,92,77,36.4
350,Male,42,172.5,80.5,76,170,37.8
351,Female,48,187.2,93.6,43,163,36.1
352,Female,26,173.3,96.6,50,77,36.6
353,Male,37,161.4,88.3,31,115,37.7
354,Male,27,160.0,64.4,111,82,36.6
355,Male,54,171.3,102.9,36,94,37.8
356,Male,44,187.8,106.3,30,65,38.5
357,Male,30,180.3,88.7,50,177,38.0
358,Female,58,184.4,84.2,40,85,36.9
359,Male,19,164.1,58.0,36,144,38.3
360,Female,38,174.1,55.9,46,120,36.1
361,Male,50,152.2,73.8,75,147,37.8
362,Female,41,190.9,71.8,63,74,36.1
363,Male,61,199.5,116.8,18,150,36.4
364,Female,59,170.3,104.9,92,91,38.5
365,Female,51,150.5,96.2,51,71,36.9
366,Female,26,158.5,86.2,45,64,38.1
367,Female,19,182.6,61.7,19,123,36.9
368,Female,47,180.6,118.5,68,130,38.1
369,Female,39,189.4,76.3,49,145,38.4
370,Female,63,162.7,57.5,63,86,37.1
371,Female,28,188.2,84.6,118,138,37.4
372,Female,60,184.4,111.2,48,162,37.6
373,Female,34,166.1,112.1,16,104,38.3
374,Male,53,177.3,50.8,13,94,36.6
375,Female,30,157.4,112.0,24,85,37.5
376,Female,24,172.6,69.0,85,82,36.8
377,Male,33,194.1,52.7,57,72,36.5
378,Female,50,171.1,109.3,15,149,36.2
379,Female,62,192.0,110.5,82,62,37.6
380,Male,18,179.5,91.7,44,88,38.2
381,Male,28,159.6,90.2,81,125,36.9
382,Female,23,179.1,106.9,80,123,37.4
383,Male,37,175.3,105.0,77,87,37.6
384,Female,52,169.9,112.3,67,146,37.0
385,Female,61,156.0,88.7,86,95,38.3
386,Female,54,170.8,117.7,28,172,36.9
387,Male,58,153.6,119.7,71,65,36.3
388,Female,43,154.9,58.2,80,70,36.4
389,Female,29,170.8,109.5,19,97,38.2
390,Male,47,165.3,85.0,34,177,38.5
391,Female,45,196.3,77.1,53,93,36.7
392,Female,44,168.8,92.9,108,140,36.4
393,Female,59,187.9,53.9,67,126,37.2
394,Female,36,176.5,85.5,34,167,37.8
395,Female,22,185.2,111.0,102,105,37.5
396,Female,22,163.0,64.9,85,157,38.4
397,Male,58,197.1,79.8,49,145,38.0
398,Female,44,176.5,115.8,85,88,38.2
399,Female,45,191.6,80.0,79,119,37.4
400,Male,43,168.3,75.1,19,113,36.8
401,Female,44,155.0,80.8,75,152,37.8
402,Female,59,183.7,86.4,118,128,37.1
403,Male,38,150.4,94.2,34,133,36.7
404,Male,18,173.8,106.0,80,133,36.4
405,Male,45,159.6,81.6,113,176,37.3
406,Male,32,181.4,107.2,96,68,37.5
407,Male,34,199.0,87.4,20,144,37.4
408,Male,43,173.2,73.7,45,136,36.3
409,Male,37,190.9,96.1,58,69,37.4
410,Female,42,175.4,100.2,57,161,36.4
411,Female,30,174.8,89.1,96,134,37.7
412,Female,50,196.5,54.0,116,127,37.1
413,Male,42,194.5,61.9,16,117,38.1
414,Female,25,189.3,70.0,100,169,37.9
415,Male,22,164.8,69.8,86,154,37.8
416,Female,23,177.3,97.1,60,172,37.8
417,Female,40,161.2,51.3,26,111,37.4
418,Female,47,172.2,102.9,41,93,36.2
419,Female,31,174.2,68.6,35,165,37.6
420,Male,40,191.6,71.7,31,94,37.2
421,Male,28,194.8,87.0,22,162,37.2
422,Female,48,170.7,65.1,21,162,36.9
423,Male,23,150.9,111.9,80,92,38.3
424,Male,28,193.1,56.0,10,131,36.6
425,Female,30,158.7,81.1,42,91,36.8
426,Male,29,181.1,109.5,23,114,38.4
427,Male,19,151.2,93.1,73,156,38.0
428,Male,52,170.0,70.5,52,67,36.0
429,Male,53,199.3,79.5,67,105,38.3
430,Female,34,155.0,99.5,50,73,36.6
431,Female,45,171.2,118.1,90,157,37.8
432,Male,45,165.4,112.5,77,67,37.4
433,Female,39,195.3,74.0,48,174,37.3
434,Female,55,193.5,119.9,10,165,37.8
435,Female,24,161.9,50.2,50,130,36.5
436,Male,32,154.1,51.9,54,136,36.4
437,Male,49,181.4,107.7,97,113,37.6
438,Female,28,166.8,64.0,107,80,36.7
439,Female,41,183.6,54.3,107,170,38.4
440,Male,20,151.6,66.6,97,155,37.1
441,Female,47,156.7,79.8,88,134,36.3
442,Male,23,184.3,101.1,90,73,37.7
443,Female,19,160.6,93.7,22,134,36.8
444,Male,31,192.9,66.6,80,61,36.4
445,Male,58,152.9,85.2,18,157,37.1
446,Male,35,160.8,114.8,117,120,38.4
447,Male,61,199.9,107.1,72,167,37.0
448,Female,48,171.7,72.6,108,170,36.9
449,Male,30,185.1,118.8,32,76,37.1
450,Female,43,159.1,99.6,63,137,36.0
451,Male,61,180.5,54.4,56,148,36.3
452,Male,29,186.3,52.5,48,107,38.1
453,Female,35,165.7,61.8,96,150,38.4
454,Female,26,191.4,100.9,35,67,36.4
455,Female,38,180.2,62.9,10,115,37.3
456,Male,57,169.5,85.8,23,76,38.4
457,Male,60,177.9,56.5,105,128,36.4
458,Female,41,178.8,114.5,83,71,36.5
459,Male,51,158.3,74.1,74,97,38.3
460,Female,25,170.1,113.6,78,77,37.8
461,Male,61,167.2,116.1,76,85,36.4
462,Male,50,170.0,50.4,58,154,37.0
463,Male,40,188.1,82.5,59,96,36.1
464,Female,30,174.1,51.7,67,129,37.1
465,Male,31,197.0,113.6,62,100,37.9
466,Female,31,164.7,86.3,100,138,37.4
467,Female,33,170.8,55.2,66,101,37.6
468,Male,55,189.3,57.7,95,172,36.8
469,Female,56,177.3,76.8,27,149,36.4
470,Female,43,177.4,115.8,25,174,36.0
471,Male,43,152.7,98.5,11,135,38.1
472,Female,18,169.9,110.7,22,100,37.6
473,Female,49,163.5,75.7,54,106,36.6
474,Male,32,200.0,53.0,89,73,37.0
475,Male,38,165.4,118.2,81,60,38.0
476,Male,35,194.2,51.2,52,76,37.3
477,Female,47,183.8,116.3,81,156,36.8
478,Female,30,167.0,75.8,63,114,36.7
479,Male,41,177.2,50.7,83,152,36.5
480,Female,47,192.0,98.2,106,112,38.1
481,Male,19,194.2,118.6,40,177,37.5
482,Male,36,158.0,117.6,85,168,37.8
483,Male,64,167.0,61.3,18,90,38.2
484,Female,61,166.8,62.7,110,121,38.5
485,Female,64,152.1,89.6,82,67,36.6
486,Male,42,179.9,94.6,57,89,36.5
487,Male,31,192.7,101.8,27,136,37.2
488,Female,23,169.1,62.7,103,139,36.1
489,Male,29,187.0,117.1,105,125,38.0
490,Female,37,181.4,94.7,113,104,38.2
491,Male,40,168.8,109.3,96,77,37.7
492,Male,47,157.1,87.8,20,158,36.7
493,Female,47,185.5,79.0,71,104,36.3
494,Female,55,192.7,118.4,93,78,37.0
495,Female,47,184.3,90.7,28,136,38.1
496,Female,58,150.9,110.7,109,174,36.9
497,Female,47,160.8,116.7,99,127,36.1
498,Male,53,153.5,97.3,83,142,36.7
499,Male,51,178.5,88.4,33,109,38.5
500,Female,33,187.8,50.2,22,84,37.7
501,Female,41,155.5,52.8,55,97,38.3
502,Male,31,191.9,64.1,62,174,37.9
503,Male,43,177.8,63.0,107,154,37.3
504,Female,25,184.5,67.8,38,95,36.4
505,Female,31,198.6,71.3,45,127,36.9
506,Male,48,154.2,75.2,80,115,37.5
507,Female,19,195.1,79.4,103,98,38.2
508,Male,21,156.3,56.9,26,122,36.7
509,Male,18,169.6,53.0,57,66,36.3
510,Female,37,192.6,97.2,86,178,37.4
511,Male,31,195.3,87.6,33,117,36.4
512,Male,57,175.3,81.1,63,139,37.5
513,Male,42,179.7,94.4,104,118,36.7
514,Female,42,185.4,107.9,100,107,36.6
515,Male,20,191.6,79.9,94,64,37.0
516,Female,22,156.1,94.9,117,170,37.5
517,Male,55,190.5,116.8,10,146,37.4
518,Male,43,174.1,108.8,88,95,36.6
519,Male,57,172.5,79.8,76,155,38.2
520,Male,55,171.2,95.1,15,147,36.3
521,Male,55,175.5,62.4,87,84,36.1
522,Female,21,197.3,89.2,64,104,37.5
523,Female,24,177.4,118.7,47,151,36.3
524,Male,47,197.7,86.3,42,78,37.3
525,Female,47,159.0,114.9,111,66,38.4
526,Female,36,186.2,78.5,17,167,37.7
527,Male,56,190.6,119.9,99,117,37.5
528,Female,52,184.0,90.5,88,164,37.4
529,Female,57,180.3,53.0,87,140,36.4
530,Female,50,178.2,91.1,29,125,37.1
531,Female,50,193.0,69.2,64,139,36.9
532,Male,31,191.1,52.3,57,98,38.4
533,Female,55,156.1,107.5,92,77,36.6
534,Male,27,192.4,69.3,65,162,37.2
535,Male,45,170.7,105.8,106,60,38.3
536,Female,31,162.7,70.2,109,122,38.0
537,Male,53,193.5,63.6,97,62,38.4
538,Female,55,171.6,118.2,19,80,37.5
539,Male,33,190.4,75.3,61,89,36.8
540,Female,38,163.2,92.1,59,70,38.1
541,Female,45,150.2,92.7,43,81,36.7
542,Male,50,174.8,89.2,45,170,36.4
543,Female,23,155.0,114.0,70,116,37.8
544,Female,58,187.7,97.2,109,148,37.6
545,Female,32,163.8,78.3,25,62,38.2
546,Female,61,172.2,110.4,88,89,38.4
547,Male,20,154.4,62.7,27,147,38.1
548,Male,60,164.3,88.1,80,104,36.2
549,Male,64,189.1,116.5,56,95,37.7
550,Female,52,157.6,93.8,95,146,38.0
551,Male,31,182.4,107.2,41,177,38.5
552,Female,19,195.9,95.7,52,131,36.9
553,Female,46,184.0,108.8,92,123,36.4
554,Female,21,190.6,116.1,49,113,38.1
555,Male,43,155.4,69.1,74,127,36.8
556,Male,29,162.5,61.9,44,109,37.5
557,Male,19,194.7,83.9,78,162,37.0
558,Male,34,185.8,99.1,59,166,37.0
559,Female,52,182.0,65.9,21,90,37.8
560,Male,27,183.2,50.3,85,88,36.9
561,Male,39,170.7,74.0,94,118,37.7
562,Male,58,152.2,117.8,67,95,36.0
563,Male,60,189.2,98.6,92,136,36.8
564,Female,38,183.9,78.1,72,164,36.8
565,Male,32,173.6,63.5,82,132,37.9
566,Male,52,195.0,74.9,116,178,36.8
567,Male,38,166.8,61.9,58,144,37.6
568,Female,38,164.7,57.4,45,174,37.7
569,Male,38,193.6,113.5,115,126,37.6
570,Male,61,189.8,119.8,63,148,37.5
571,Male,49,175.7,61.5,56,148,37.0
572,Female,22,156.5,53.8,41,135,36.9
573,Female,56,160.8,73.1,108,152,37.4
574,Male,26,182.8,82.3,104,70,36.2
575,Male,35,169.3,64.3,62,175,38.2
576,Female,38,191.8,71.1,41,70,38.1
577,Female,25,197.5,64.1,71,172,36.9
578,Female,61,190.3,104.2,46,85,37.4
579,Female,51,168.9,99.9,105,112,38.3
580,Female,27,189.4,94.4,116,73,36.7
581,Male,58,167.6,77.1,110,123,37.9
582,Male,41,158.4,113.6,112,139,36.2
583,Male,57,151.7,117.9,47,179,37.3
584,Male,41,169.3,62.2,39,69,38.2
585,Female,49,195.2,65.6,67,90,37.4
586,Female,50,161.9,86.8,41,154,37.5
587,Female,55,160.3,56.4,118,95,38.3
588,Female,61,198.5,80.6,75,69,37.8
589,Female,51,151.3,90.7,60,85,37.7
590,Male,28,189.3,86.5,20,79,37.5
591,Male,48,166.1,73.2,68,103,37.6
592,Male,35,151.9,88.0,29,121,38.0
593,Male,40,195.9,117.1,46,132,38.4
594,Male,39,157.0,64.4,82,138,38.0
595,Female,60,177.6,95.8,111,68,37.8
596,Female,35,163.7,53.0,58,130,36.3
597,Female,57,153.3,54.6,28,149,38.0
598,Female,64,152.5,88.6,64,83,37.8
599,Female,58,155.8,57.3,49,71,37.9
600,Male,64,153.6,51.6,16,119,36.6
601,Male,56,188.0,62.0,14,143,38.3
602,Male,37,174.3,89.5,51,179,36.2
603,Female,30,167.1,99.2,97,137,36.6
604,Female,62,170.9,64.2,57,145,37.7
605,Female,18,196.4,96.8,114,75,37.7
606,Female,21,195.5,62.8,16,88,36.8
607,Male,41,185.8,92.9,20,91,37.8
608,Female,53,194.2,78.8,82,142,37.0
609,Male,53,166.0,95.8,58,178,36.0
610,Female,62,169.1,119.7,39,94,36.4
611,Male,19,180.7,115.6,50,102,38.2
612,Female,45,181.2,50.3,12,155,36.6
613,Female,43,174.1,112.0,95,178,36.3
614,Male,40,170.0,54.7,49,112,37.7
615,Male,32,199.3,116.7,60,79,37.1
616,Female,53,191.1,69.7,93,174,38.0
617,Male,44,171.7,76.7,41,163,38.2
618,Female,23,186.4,56.4,57,143,38.1
619,Female,52,163.5,57.9,80,67,36.8
620,Male,56,155.0,100.9,80,158,37.3
621,Female,55,167.6,116.1,29,101,37.6
622,Female,52,170.1,92.8,98,136,36.8
623,Male,53,150.8,100.1,118,164,36.1
624,Female,27,190.7,103.3,44,129,37.2
625,Female,47,168.0,68.4,117,170,36.0
626,Female,58,179.0,53.2,33,75,38.4
627,Female,55,153.7,50.1,49,128,38.0
628,Male,46,158.7,74.5,86,112,36.5
629,Male,60,194.5,66.9,61,104,36.7
630,Male,56,180.4,54.4,48,110,38.5
631,Female,21,197.5,62.6,77,157,36.9
632,Male,22,199.9,58.7,70,65,38.0
633,Male,21,168.6,114.0,85,92,37.1
634,Male,53,164.9,59.8,90,138,38.2
635,Female,62,192.9,87.6,74,74,37.8
636,Male,33,199.9,91.5,71,73,36.1
637,Male,42,181.5,88.0,90,98,36.7
638,Female,31,189.8,56.9,11,122,37.4
639,Female,28,189.1,72.3,15,64,38.3
640,Female,46,167.8,53.6,117,175,36.3
641,Female,51,178.7,77.7,84,149,37.5
642,Female,39,191.7,63.2,52,171,36.8
643,Female,31,184.4,89.3,91,140,38.2
644,Male,41,151.1,98.5,49,166,37.9
645,Male,56,166.8,87.2,98,170,36.9
646,Female,43,157.2,80.4,48,111,36.4
647,Female,60,161.6,77.1,37,75,36.0
648,Male,53,195.3,108.9,119,158,37.6
649,Female,56,151.8,65.4,89,97,37.0
650,Female,33,161.0,101.4,72,112,36.8
651,Male,55,165.5,103.0,73,146,38.5
652,Female,49,180.8,79.3,21,136,37.2
653,Female,23,176.7,70.8,50,156,37.9
654,Male,51,160.9,82.9,38,152,36.4
655,Male,25,158.2,56.5,32,112,36.0
656,Male,47,161.8,53.2,94,105,37.0
657,Male,44,175.1,57.8,89,157,37.7
658,Male,24,163.6,63.1,60,157,37.3
659,Female,44,197.4,85.3,114,150,38.2
660,Female,42,173.2,109.4,54,74,37.1
661,Female,63,152.9,66.5,99,118,36.8
662,Female,58,186.5,115.5,110,109,38.3
663,Female,32,166.4,116.8,31,68,37.0
664,Male,42,182.7,117.1,19,85,36.7
665,Female,39,164.0,108.6,16,62,36.2
666,Female,35,178.5,75.5,82,159,38.0
667,Female,29,188.6,55.1,98,106,38.1
668,Female,40,196.4,89.8,119,64,36.1
669,Female,62,163.1,89.1,24,121,36.9
670,Male,56,166.7,109.5,86,143,37.9
671,Female,42,173.2,119.7,115,143,38.4
672,Female,27,196.4,85.6,55,64,36.9
673,Female,47,195.1,74.2,99,69,38.2
674,Female,27,154.5,63.0,94,139,37.0
675,Female,51,156.6,50.3,96,122,36.4
676,Female,63,174.8,85.6,70,84,36.0
677,Male,30,155.3,88.9,117,103,36.8
678,Female,46,167.3,107.7,101,84,36.9
679,Male,55,157.4,85.3,70,89,38.4
680,Male,58,181.8,114.2,60,73,36.5
681,Female,62,197.5,94.0,47,145,37.0
682,Female,26,199.8,108.8,21,102,36.1
683,Female,30,168.8,60.4,97,87,37.9
684,Male,54,180.0,109.9,86,153,38.3
685,Female,31,192.8,97.3,113,78,36.6
686,Female,54,155.9,61.9,75,161,37.1
687,Female,26,184.5,63.3,63,101,36.3
688,Male,25,170.4,114.9,48,79,37.1
689,Male,56,160.3,52.3,85,158,36.3
690,Female,57,170.1,82.4,48,145,37.3
691,Male,20,153.8,71.9,87,138,37.8
692,Female,64,184.8,96.6,39,70,37.4
693,Male,57,162.6,108.8,114,113,36.6
694,Female,50,165.6,75.2,116,157,36.9
695,Male,49,156.1,79.9,57,83,37.6
696,Female,24,193.2,118.7,92,129,37.5
697,Female,36,174.7,104.9,40,76,36.3
698,Male,51,178.6,112.8,116,87,38.1
699,Male,31,178.5,80.7,116,109,37.2
700,Male,64,170.5,66.4,34,154,36.4
701,Male,63,159.6,78.8,77,159,36.3
702,Male,36,187.3,100.1,60,114,38.4
703,Female,43,156.4,57.7,22,132,36.7
704,Female,34,155.2,68.9,109,69,38.3
705,Male,45,185.5,53.3,72,80,37.0
706,Female,36,160.4,80.3,51,117,37.0
707,Female,44,165.3,107.9,63,93,37.8
708,Male,36,173.8,51.7,110,154,36.0
709,Female,50,172.5,97.3,76,152,36.8
710,Female,24,185.4,115.3,89,166,36.8
711,Male,46,181.2,66.6,99,102,38.2
712,Male,60,182.2,98.6,113,70,37.3
713,Female,22,185.7,118.3,65,92,36.9
714,Male,47,164.6,117.4,112,117,36.7
715,Female,60,166.1,66.4,28,105,37.5
716,Male,25,171.9,57.0,55,120,36.4
717,Male,59,165.4,60.4,24,121,36.6
718,Male,29,199.2,99.1,41,60,36.7
719,Male,59,190.7,100.8,58,80,37.5
720,Female,30,158.2,97.2,30,121,36.9
721,Male,43,150.3,73.5,74,123,37.3
722,Male,35,152.1,61.9,79,146,37.6
723,Female,59,162.2,90.7,36,132,38.4
724,Female,37,155.7,83.9,32,115,37.9
725,Female,33,176.7,101.0,56,60,37.0
726,Female,54,192.9,80.9,104,80,37.9
727,Male,20,186.8,73.7,21,81,38.4
728,Female,44,160.8,70.5,94,113,37.2
729,Male,32,170.0,64.8,75,63,37.0
730,Female,51,175.4,68.6,14,124,36.2
731,Male,62,190.5,56.6,18,110,38.2
732,Female,39,192.0,74.3,29,133,36.6
733,Male,57,195.5,52.6,119,122,36.2
734,Male,40,175.5,63.0,91,74,37.3
735,Female,21,184.7,102.3,72,175,38.1
736,Male,58,155.6,72.8,95,95,37.0
737,Male,40,178.3,96.8,81,88,38.0
738,Male,64,162.4,100.2,107,111,38.1
739,Male,26,171.6,90.7,82,105,37.1
740,Female,41,181.7,117.1,80,128,37.5
741,Male,38,162.8,51.5,39,88,37.3
742,Male,58,152.6,101.7,91,170,38.3
743,Female,63,150.5,117.1,100,106,37.8
744,Female,33,151.1,110.4,25,150,38.3
745,Female,42,150.4,61.8,94,84,36.6
746,Male,43,155.5,72.9,14,139,36.8
747,Male,62,162.0,62.1,38,75,36.2
748,Female,26,161.1,92.1,56,159,37.2
749,Male,32,199.3,99.9,110,148,38.2
750,Female,56,165.3,72.2,116,100,36.8
751,Male,50,156.4,87.8,31,124,36.3
752,Female,18,177.3,98.4,87,128,36.2
753,Male,22,192.9,79.5,66,164,37.1
754,Female,26,183.9,109.8,92,79,36.4
755,Male,61,164.8,104.0,44,128,36.9
756,Female,23,178.1,54.5,97,95,38.0
757,Male,45,185.7,93.5,115,152,37.0
758,Male,62,186.4,66.5,69,171,37.5
759,Male,43,183.3,89.0,79,157,37.3
760,Female,45,193.5,117.0,69,117,37.8
761,Male,57,193.5,111.5,67,107,36.4
762,Male,32,178.9,78.3,12,141,38.3
763,Male,23,171.5,70.4,43,61,37.6
764,Female,44,182.1,66.4,54,139,36.7
765,Male,55,190.9,87.3,59,88,36.3
766,Female,21,150.3,58.0,11,156,36.4
767,Male,28,199.6,88.4,24,75,38.0
768,Female,38,159.1,50.1,46,94,37.5
769,Female,47,173.5,72.7,24,170,37.0
770,Male,35,193.6,65.4,69,121,36.8
771,Female,52,161.3,118.0,105,166,38.1
772,Female,20,173.8,100.9,94,165,38.2
773,Male,29,156.6,74.5,73,140,37.5
774,Female,44,169.8,56.5,90,63,37.3
775,Female,47,158.9,86.2,107,172,38.0
776,Female,38,168.2,64.9,105,127,37.9
777,Female,55,168.7,87.6,61,110,37.0
778,Male,38,199.7,108.5,32,148,36.2
779,Female,55,199.7,93.1,108,92,37.9
780,Female,57,155.7,94.4,46,137,36.4
781,Male,32,186.3,87.9,116,83,36.0
782,Male,35,152.6,114.9,50,134,38.1
783,Female,46,151.5,115.2,110,84,37.4
784,Male,55,155.3,85.9,66,87,38.2
785,Male,38,198.3,71.4,106,66,37.2
786,Male,34,197.0,82.2,34,172,38.3
787,Male,58,159.7,63.1,119,95,36.9
788,Male,35,158.1,94.5,46,69,37.8
789,Male,54,162.0,85.0,49,172,36.8
790,Male,55,175.8,57.2,94,95,36.0
791,Male,29,178.5,63.8,55,154,36.9
792,Male,28,161.1,83.6,69,142,37.8
793,Female,37,187.8,112.1,111,77,36.4
794,Female,26,165.5,89.6,113,172,37.3
795,Female,18,196.1,97.7,107,65,36.5
796,Female,20,182.8,73.7,28,151,36.2
797,Female,38,171.8,90.0,100,66,37.5
798,Male,40,189.5,81.3,18,161,38.4
799,Male,26,190.9,96.1,78,71,36.8
800,Female,36,164.5,53.5,14,100,37.5
801,Female,62,167.0,84.5,98,173,38.4
802,Male,63,196.8,70.7,35,122,37.6
803,Female,36,158.2,72.8,28,157,37.7
804,Male,40,152.1,117.3,39,84,36.4
805,Female,44,172.7,62.8,109,140,37.2
806,Male,44,190.1,71.8,57,112,36.9
807,Female,56,188.6,85.7,25,92,37.2
808,Male,53,196.0,110.4,80,146,38.0
809,Female,29,176.7,79.2,27,132,37.2
810,Female,44,155.0,102.1,65,65,36.2
811,Male,63,179.4,109.9,30,121,38.3
812,Male,51,188.9,71.7,40,125,37.4
813,Female,50,154.7,77.5,10,161,38.3
814,Female,45,158.6,75.0,12,68,37.4
815,Male,48,150.6,108.3,104,126,36.2
816,Male,49,179.7,53.1,34,75,37.4
817,Male,37,194.3,71.6,17,148,37.4
818,Female,57,183.5,97.6,74,147,36.5
819,Female,52,199.1,89.6,71,170,37.2
820,Male,48,153.2,80.5,16,152,37.1
821,Female,48,195.2,87.8,16,167,37.6
822,Female,55,190.7,63.8,17,114,36.6
823,Male,39,165.7,80.2,28,99,37.5
824,Female,62,198.7,85.1,26,85,36.6
825,Male,58,164.4,113.1,20,97,37.1
826,Male,26,194.5,68.3,114,94,36.3
827,Female,26,194.0,110.7,58,146,36.1
828,Female,32,187.9,95.1,20,127,36.8
829,Male,30,178.2,51.4,111,118,36.7
830,Male,39,156.0,100.7,50,165,37.0
831,Male,33,176.6,52.5,71,73,38.4
832,Female,49,167.8,119.8,61,176,37.3
833,Male,19,189.6,111.1,75,179,37.4
834,Male,43,187.9,70.8,77,106,38.4
835,Male,31,195.5,68.0,101,162,38.3
836,Male,55,150.7,76.7,106,130,38.2
837,Female,51,190.5,74.9,84,131,36.2
838,Female,25,196.9,76.1,76,101,37.6
839,Male,53,189.5,72.3,49,110,38.0
840,Female,38,156.5,93.5,14,78,38.1
841,Female,63,154.1,61.5,94,125,37.4
842,Female,60,151.0,109.2,31,106,36.0
843,Male,45,181.4,106.9,46,124,38.4
844,Female,63,181.5,83.4,20,101,37.2
845,Female,61,199.3,109.7,53,97,37.0
846,Male,23,169.9,67.3,95,177,37.0
847,Male,37,166.6,51.2,114,72,37.1
848,Female,48,181.2,93.3,62,165,36.6
849,Female,50,191.3,82.1,86,103,36.8
850,Male,61,196.8,89.7,70,83,38.5
851,Male,24,190.2,113.0,76,155,36.9
852,Male,25,171.3,117.9,22,89,37.3
853,Male,26,181.7,94.4,101,129,38.1
854,Female,19,192.8,103.5,20,97,37.3
855,Male,34,174.5,55.9,20,156,36.8
856,Female,62,160.8,61.3,94,167,37.3
857,Female,54,158.5,101.3,94,178,36.3
858,Female,59,150.0,80.2,16,82,36.3
859,Male,61,185.9,81.2,26,133,37.7
860,Male,34,155.6,71.6,57,116,38.3
861,Female,55,162.2,92.5,23,169,37.8
862,Female,52,164.9,63.0,72,138,36.2
863,Female,64,178.0,93.9,73,82,37.0
864,Female,56,169.9,62.2,106,179,36.0
865,Female,47,183.7,54.5,84,95,37.3
866,Male,23,152.8,73.1,86,116,36.5
867,Male,21,156.2,66.2,74,60,38.2
868,Male,54,175.0,112.2,43,131,36.3
869,Female,52,166.8,53.8,18,62,36.0
870,Female,26,164.8,62.4,86,73,37.1
871,Male,23,153.4,88.4,46,140,36.4
872,Male,30,194.8,83.7,39,93,37.8
873,Female,39,184.6,53.2,50,170,38.3
874,Male,45,156.1,50.5,54,129,36.1
875,Male,47,153.3,119.2,110,128,37.0
876,Male,53,198.7,96.1,56,169,38.5
877,Female,19,184.1,75.6,16,110,37.8
878,Female,53,170.9,82.9,23,164,38.4
879,Male,25,185.1,68.7,57,163,36.4
880,Female,62,187.8,74.1,15,88,36.6
881,Male,59,189.0,95.4,43,158,36.4
882,Male,26,173.9,111.8,89,141,36.8
883,Female,18,171.5,62.9,110,163,37.8
884,Female,30,150.6,108.8,109,107,36.4
885,Female,32,196.3,58.5,55,153,37.3
886,Male,49,180.2,65.0,68,138,36.7
887,Male,51,160.2,52.6,79,176,38.1
888,Male,60,196.0,59.9,17,138,36.0
889,Female,48,195.7,114.2,33,75,36.6
890,Male,31,199.5,82.2,76,116,37.5
891,Male,64,193.7,55.4,13,156,36.2
892,Male,31,199.9,117.2,105,69,37.2
893,Male,46,162.2,111.5,10,78,37.1
894,Female,64,192.1,102.8,43,160,38.1
895,Female,36,191.2,115.3,118,173,37.6
896,Female,44,161.5,65.4,18,126,37.6
897,Male,26,154.9,108.5,72,95,38.4
898,Male,54,199.0,98.3,85,63,38.5
899,Male,54,164.8,110.9,19,134,37.6
900,Female,60,193.5,105.8,19,164,37.3
901,Female,45,150.2,74.3,59,92,37.5
902,Female,41,151.1,104.2,53,87,37.0
903,Female,45,173.3,68.4,57,155,38.5
904,Female,53,161.9,73.0,96,139,37.8
905,Male,35,184.5,57.6,15,68,36.7
906,Female,42,178.3,115.5,97,134,36.1
907,Female,52,153.9,70.4,33,65,36.1
908,Female,21,158.1,86.4,94,108,36.5
909,Male,31,169.4,77.4,115,150,36.6
910,Female,56,159.3,117.2,104,135,37.0
911,Female,43,189.6,73.5,67,81,36.5
912,Female,25,170.8,104.5,114,163,37.6
913,Male,41,154.7,109.9,73,107,36.5
914,Male,33,174.2,80.5,103,160,36.5
915,Female,37,154.5,76.5,65,80,37.2
916,Female,32,156.4,102.3,107,92,38.2
917,Female,24,162.0,113.9,91,140,37.2
918,Female,34,193.0,102.8,21,115,37.0
919,Male,39,196.2,65.9,44,88,37.4
920,Female,39,191.3,112.2,80,112,36.6
921,Male,29,166.7,77.1,114,99,36.9
922,Female,35,163.6,90.3,113,133,36.5
923,Male,63,177.5,108.2,98,77,37.4
924,Male,64,186.1,63.2,15,106,37.7
925,Female,32,199.7,104.9,74,175,37.7
926,Male,54,156.6,91.7,119,72,36.6
927,Female,33,152.5,112.5,89,86,37.9
928,Male,22,184.7,62.0,69,121,36.6
929,Male,19,191.6,79.4,77,133,36.4
930,Female,45,192.3,108.3,38,155,36.9
931,Female,58,183.9,51.3,47,164,37.5
932,Male,44,197.7,57.9,101,104,36.4
933,Male,48,175.6,119.3,31,62,37.6
934,Female,58,195.7,69.6,17,81,38.2
935,Female,53,198.4,118.3,72,86,36.7
936,Female,64,192.4,62.8,105,114,37.1
937,Male,60,165.5,75.3,106,126,36.6
938,Female,18,159.8,102.7,22,92,36.9
939,Female,46,177.4,96.0,36,61,36.1
940,Male,18,172.7,90.7,27,134,38.4
941,Female,25,193.9,87.1,27,105,37.0
942,Female,33,155.0,109.0,86,133,38.0
943,Female,45,162.9,66.4,95,162,36.4
944,Female,39,187.6,81.0,71,178,38.0
945,Male,35,154.7,60.9,23,92,38.2
946,Female,39,166.0,91.7,20,117,37.8
947,Female,58,169.4,67.5,112,66,38.3
948,Female,29,181.1,73.4,95,74,36.4
949,Female,36,157.9,83.0,109,85,37.2
950,Female,42,193.0,51.9,26,70,37.6
951,Female,22,172.4,56.4,60,97,37.5
952,Male,51,195.9,98.0,105,86,38.2
953,Male,56,173.4,80.0,23,177,36.5
954,Male,27,163.8,110.5,115,162,36.4
955,Female,64,157.1,98.6,66,66,36.6
956,Female,24,150.2,50.6,102,60,38.2
957,Female,54,176.6,93.2,15,133,38.4
958,Male,64,155.4,56.6,66,80,37.4
959,Female,32,169.6,104.7,13,138,37.3
960,Male,59,179.5,119.4,20,89,37.5
961,Female,41,163.8,87.2,118,153,37.5
962,Female,43,158.8,97.8,113,67,36.4
963,Male,43,188.7,66.6,83,147,37.7
964,Male,63,197.3,80.6,101,142,37.1
965,Male,43,155.0,109.9,20,62,37.3
966,Male,27,157.8,61.7,108,114,36.1
967,Male,34,198.0,68.6,88,74,37.9
968,Male,31,151.9,81.2,17,95,38.1
969,Female,19,198.9,99.9,93,65,37.5
970,Male,30,150.2,76.3,68,101,37.9
971,Female,44,193.7,114.9,30,109,37.3
972,Female,26,165.4,56.6,74,171,37.5
973,Female,24,196.9,76.0,102,77,37.0
974,Female,27,165.8,99.6,33,161,38.0
975,Female,26,182.7,65.8,39,142,37.2
976,Male,39,154.0,95.9,113,172,37.7
977,Male,40,162.1,61.5,108,109,37.6
978,Male,24,188.7,53.9,106,89,37.8
979,Female,26,176.4,58.5,93,136,38.0
980,Male,44,196.4,115.1,66,98,37.3
981,Female,41,171.4,88.6,89,175,38.0
982,Female,46,193.5,105.7,82,71,37.2
983,Female,34,172.4,73.3,104,157,38.4
984,Female,37,199.0,91.5,26,118,37.9
985,Male,24,198.0,84.6,68,135,36.4
986,Male,60,166.5,116.2,40,103,38.1
987,Male,57,194.3,102.3,73,147,37.4
988,Male,24,192.4,101.1,57,63,38.5
989,Male,45,160.5,53.2,32,95,37.8
990,Female,36,181.2,88.5,79,173,36.2
991,Male,37,153.6,82.7,39,107,37.0
992,Female,61,191.8,114.9,64,73,37.3
993,Female,56,158.7,68.0,16,140,38.1
994,Female,57,153.5,68.9,113,108,37.8
995,Male,24,170.0,78.8,115,126,36.9
996,Female,23,178.8,67.0,119,161,37.6
997,Female,42,192.7,59.0,84,146,37.4
998,Male,58,198.7,110.0,107,136,36.3
999,Female,30,172.0,89.1,21,68,36.6
1000,Female,56,153.0,110.3,69,80,36.9
1001,Female,57,187.5,108.2,61,164,36.5
1002,Male,39,178.3,69.7,118,131,36.4
1003,Female,34,172.4,88.3,36,140,36.1
1004,Female,39,165.5,55.8,21,75,38.2
1005,Male,51,175.1,114.1,22,75,36.7
1006,Male,25,166.9,78.3,81,87,36.7
1007,Female,62,187.9,77.6,89,110,36.5
1008,Male,35,177.2,71.2,71,115,37.2
1009,Male,41,193.8,82.2,38,139,37.3
1010,Male,59,177.2,67.6,44,116,36.5
1011,Male,19,161.9,76.2,69,169,37.5
1012,Male,19,192.6,106.0,38,111,37.8
1013,Male,44,177.9,108.4,40,105,36.9
1014,Male,31,160.3,71.3,86,137,37.5
1015,Female,56,181.2,82.8,85,169,37.3
1016,Male,29,167.9,111.2,70,167,36.5
1017,Male,49,192.2,53.7,11,97,37.8
1018,Male,45,172.7,112.2,42,143,38.0
1019,Female,45,186.3,65.3,81,168,37.6
1020,Male,63,154.8,97.5,71,107,36.8
1021,Male,42,169.8,90.8,114,100,38.3
1022,Female,21,199.2,88.7,68,157,37.1
1023,Male,43,190.4,110.2,49,177,36.7
1024,Female,53,158.0,57.1,58,118,37.0
1025,Female,20,163.9,74.3,114,152,37.7
1026,Male,18,166.5,87.7,41,126,38.1
1027,Female,34,182.5,106.8,47,133,36.9
1028,Male,24,187.8,65.2,101,143,36.6
1029,Male,22,187.5,106.2,88,125,37.6
1030,Female,36,175.5,78.0,96,86,38.3
1031,Female,56,190.5,63.2,97,91,36.5
1032,Male,63,171.9,103.1,22,115,38.0
1033,Male,51,156.2,56.4,94,69,37.2
1034,Female,52,178.2,86.0,63,99,38.0
1035,Male,33,197.6,54.5,85,76,37.3
1036,Male,57,189.6,74.9,22,117,36.9
1037,Male,64,178.9,92.1,48,177,37.7
1038,Female,56,182.3,88.9,32,156,38.3
1039,Male,44,196.5,78.3,119,65,36.8
1040,Male,58,171.4,80.0,116,98,37.2
1041,Male,55,166.6,65.9,101,170,36.6
1042,Female,42,198.9,81.9,23,77,36.5
1043,Female,43,193.2,116.7,26,132,37.9
1044,Female,31,166.2,109.5,33,131,36.5
1045,Male,31,173.2,60.2,67,148,38.0
1046,Female,31,170.8,52.1,72,154,37.1
1047,Male,42,157.5,115.3,43,101,38.5
1048,Female,53,197.9,86.9,60,63,36.5
1049,Male,21,170.2,87.6,95,79,36.2
1050,Female,64,193.8,104.7,19,87,36.2
1051,Male,32,159.5,72.0,81,99,38.1
1052,Male,49,177.4,83.7,30,124,37.1
1053,Female,35,151.2,117.8,46,163,36.0
1054,Male,31,188.2,97.1,16,178,38.2
1055,Female,18,179.0,60.8,99,103,38.2
1056,Female,59,181.3,59.3,22,82,38.0
1057,Male,37,152.6,64.3,89,116,36.6
1058,Male,27,160.6,103.7,39,106,36.9
1059,Female,27,153.7,70.7,40,72,37.9
1060,Female,41,164.4,51.5,14,75,37.2
1061,Female,51,181.4,116.1,41,149,36.4
1062,Male,45,178.3,61.9,25,114,36.6
1063,Female,44,180.6,50.7,82,154,38.4
1064,Male,57,177.5,66.6,31,173,36.4
1065,Male,18,163.7,66.5,73,124,37.8
1066,Female,50,162.2,79.5,53,140,37.2
1067,Female,21,156.9,114.4,49,75,37.9
1068,Male,24,192.5,111.5,118,178,37.7
1069,Male,26,180.8,82.0,46,96,37.1
1070,Male,33,159.3,78.8,87,111,36.9
1071,Male,22,158.9,88.9,25,176,37.9
1072,Female,51,193.7,67.0,52,69,36.8
1073,Male,40,187.1,53.7,93,97,38.0
1074,Female,60,183.0,115.7,72,103,37.7
1075,Female,42,170.3,63.1,117,154,37.4
1076,Female,30,163.1,63.9,24,133,36.9
1077,Male,41,199.0,83.1,53,113,36.5
1078,Male,28,189.9,84.4,99,172,37.8
1079,Female,34,165.1,51.3,18,157,36.2
1080,Female,54,192.4,60.4,74,110,38.4
1081,Female,30,187.9,76.5,108,111,38.4
1082,Female,44,164.9,97.9,53,129,36.3
1083,Male,37,171.3,66.0,29,151,36.3
1084,Female,50,159.3,79.6,118,151,37.0
1085,Male,59,155.6,89.0,79,118,38.4
1086,Male,49,186.1,112.2,115,72,37.0
1087,Male,25,163.4,72.8,83,100,36.9
1088,Male,46,191.0,59.3,42,71,37.8
1089,Female,57,199.8,84.2,89,109,36.4
1090,Male,36,153.8,102.3,109,163,36.9
1091,Female,23,173.7,57.7,15,116,36.7
1092,Male,61,190.1,79.7,92,109,37.5
1093,Female,56,189.4,51.2,40,178,36.4
1094,Female,58,188.0,52.3,75,116,37.4
1095,Female,38,167.4,83.8,27,113,38.1
1096,Female,39,172.7,70.9,115,125,37.3
1097,Female,59,179.7,109.2,37,67,37.7
1098,Male,27,198.7,92.2,77,165,36.2
1099,Female,27,166.4,81.8,74,122,37.1
1100,Male,46,196.2,78.6,115,68,36.2
1101,Female,33,163.5,84.8,89,119,37.5
1102,Male,18,199.5,52.8,54,179,36.7
1103,Male,34,183.5,112.5,67,173,36.7
1104,Male,47,173.2,119.9,56,122,36.2
1105,Female,43,180.7,62.7,75,131,36.8
1106,Male,63,163.6,58.4,61,174,37.3
1107,Female,36,163.7,60.1,45,62,37.5
1108,Female,38,155.7,96.3,10,132,36.2
1109,Male,34,155.7,96.3,48,72,37.6
1110,Male,63,167.4,109.4,96,68,37.2
1111,Female,57,188.1,102.6,99,154,37.3
1112,Female,38,180.4,81.5,84,148,38.1
1113,Female,58,155.1,92.9,115,111,36.9
1114,Female,57,192.6,98.2,10,167,36.4
1115,Female,62,180.1,85.9,84,121,37.4
1116,Female,36,198.0,83.3,97,178,38.4
1117,Male,24,183.5,95.2,83,168,37.3
1118,Female,34,158.8,89.0,23,67,38.1
1119,Female,18,173.7,95.1,87,170,37.9
1120,Male,54,182.4,92.9,80,154,37.3
1121,Male,23,151.4,100.3,32,104,37.6
1122,Male,43,150.7,95.0,52,112,37.0
1123,Female,19,156.5,86.4,31,168,37.3
1124,Male,49,162.6,97.7,69,122,37.3
1125,Male,22,171.5,81.5,109,154,37.8
1126,Female,54,174.4,66.9,36,140,37.0
1127,Female,48,156.9,50.1,65,170,36.2
1128,Female,29,183.7,89.2,11,116,38.0
1129,Female,52,179.8,91.3,48,113,37.7
1130,Male,47,164.7,118.0,60,78,38.4
1131,Female,23,150.7,75.3,119,126,37.1
1132,Male,32,153.9,77.6,28,105,36.2
1133,Female,32,169.6,64.1,71,153,36.3
1134,Male,33,157.7,54.9,80,69,37.9
1135,Female,37,168.8,104.1,85,172,36.2
1136,Female,30,181.4,67.5,76,152,38.3
1137,Female,61,177.4,92.6,72,163,36.7
1138,Male,59,161.6,98.1,14,77,38.2
1139,Male,63,167.2,83.0,81,71,37.9
1140,Male,48,180.7,111.3,87,108,38.2
1141,Female,51,193.0,81.1,70,82,36.5
1142,Male,46,187.7,69.9,109,121,37.5
1143,Female,20,177.7,112.7,80,70,36.2
1144,Female,26,168.1,110.3,16,132,36.5
1145,Female,28,168.3,61.5,59,177,36.8
1146,Male,28,194.0,51.8,55,115,37.9
1147,Female,42,152.0,56.3,105,147,36.1
1148,Male,39,199.4,70.1,81,148,38.3
1149,Female,59,183.2,118.1,85,114,36.2
1150,Female,63,184.1,89.1,83,84,36.9
1151,Female,26,151.9,76.1,23,170,36.2
1152,Male,37,180.3,112.2,82,68,37.9
1153,Male,38,174.2,81.7,111,71,36.4
1154,Female,27,155.3,72.1,103,70,38.2
1155,Male,39,163.9,115.9,78,172,37.3
1156,Male,46,194.5,109.5,74,97,38.4
1157,Female,26,177.5,109.1,74,87,36.7
1158,Female,22,170.7,85.9,66,67,37.1
1159,Male,57,153.6,105.3,71,133,37.7
1160,Female,28,185.7,62.6,29,148,38.1
1161,Female,18,185.1,90.1,84,106,37.1
1162,Male,59,180.7,118.9,35,95,38.2
1163,Male,18,175.5,70.4,53,109,36.3
1164,Female,56,171.7,105.6,76,166,37.8
1165,Male,63,179.7,84.3,79,68,36.9
1166,Male,22,161.7,52.8,71,164,36.3
1167,Female,39,197.1,103.4,116,119,37.0
1168,Female,43,179.4,61.8,54,131,38.2
1169,Female,23,165.6,94.2,20,126,38.5
1170,Female,49,172.5,56.0,81,112,37.0
1171,Male,28,190.3,116.3,102,141,38.2
1172,Male,27,158.1,70.4,83,169,37.3
1173,Female,64,164.6,65.9,43,158,37.8
1174,Female,56,184.0,59.0,97,76,36.1
1175,Female,51,165.8,116.2,55,159,37.4
1176,Female,48,189.6,99.8,90,112,36.2
1177,Male,29,156.5,101.9,41,87,36.7
1178,Male,61,188.1,85.0,84,173,37.4
1179,Female,33,153.4,83.2,107,122,38.0
1180,Female,55,150.6,57.7,97,74,37.4
1181,Male,20,194.9,89.2,14,78,38.3
1182,Male,19,179.1,67.3,72,145,38.0
1183,Male,22,167.6,118.4,38,129,36.4
1184,Male,28,161.6,105.8,57,106,37.0
1185,Female,42,180.8,78.9,107,130,37.7
1186,Male,52,175.5,60.6,25,167,38.3
1187,Male,52,199.6,105.0,34,107,38.5
1188,Male,39,199.2,58.5,110,132,37.9
1189,Female,54,181.8,63.3,81,79,37.4
1190,Female,39,172.1,64.8,38,96,37.9
1191,Male,28,174.6,89.0,61,134,36.7
1192,Male,49,184.1,105.1,55,61,36.7
1193,Female,52,155.1,72.0,34,123,37.6
1194,Female,48,166.4,55.9,115,145,38.2
1195,Male,62,153.8,82.5,32,171,38.4
1196,Female,25,153.7,102.4,43,95,36.9
1197,Male,37,159.8,65.5,76,64,38.0
1198,Female,59,174.3,65.4,103,123,38.1
1199,Male,51,189.2,116.3,43,66,37.6
1200,Male,21,174.3,116.8,41,129,36.9
1201,Female,35,166.8,119.3,38,179,37.5
1202,Male,21,154.1,106.5,18,81,37.5
1203,Female,37,177.5,63.2,75,133,37.5
1204,Female,26,163.6,64.8,66,105,37.5
1205,Female,33,180.7,73.8,48,99,38.1
1206,Male,43,198.9,72.3,16,120,36.4
1207,Male,55,155.6,117.0,119,169,36.9
1208,Male,42,160.6,105.2,78,105,37.5
1209,Female,21,173.7,100.7,17,143,36.7
1210,Male,58,198.4,63.0,105,87,38.4
1211,Male,62,188.6,113.7,27,146,36.7
1212,Male,58,194.9,108.0,111,94,37.2
1213,Male,55,166.7,61.5,119,60,38.2
1214,Female,36,199.6,111.0,91,88,36.2
1215,Male,31,155.1,69.1,58,68,38.1
1216,Female,38,152.6,55.7,114,68,37.4
1217,Female,32,192.8,96.0,118,81,36.1
1218,Female,20,196.4,95.8,25,122,38.3
1219,Female,54,154.5,56.6,30,125,36.1
1220,Male,63,155.7,72.3,19,139,37.3
1221,Male,33,151.7,119.5,115,163,36.1
1222,Male,31,155.2,97.5,13,117,36.2
1223,Female,26,160.5,101.1,53,129,38.2
1224,Male,64,198.5,64.9,17,114,37.9
1225,Female,24,183.4,55.5,64,72,36.5
1226,Male,31,188.9,69.4,28,156,37.6
1227,Male,23,188.8,67.4,73,78,38.0
1228,Male,38,176.8,66.4,49,138,38.2
1229,Female,32,189.9,63.5,113,92,37.2
1230,Male,25,179.8,90.2,60,133,38.2
1231,Female,51,165.7,73.0,18,124,37.3
1232,Female,57,178.1,107.4,39,119,37.7
1233,Female,18,176.7,62.9,65,71,38.4
1234,Male,49,191.2,82.5,90,102,36.6
1235,Male,22,199.1,51.0,113,152,36.4
1236,Female,47,170.6,83.7,53,76,36.9
1237,Female,39,188.2,53.9,68,127,36.4
1238,Female,37,155.0,118.4,24,88,36.7
1239,Female,33,188.8,105.3,77,114,37.9
1240,Female,24,168.6,84.3,79,66,37.2
1241,Male,24,152.0,56.1,70,103,36.9
1242,Male,19,168.2,91.5,89,136,36.9
1243,Male,64,180.5,103.1,99,64,36.5
1244,Female,31,156.0,63.4,110,119,37.1
1245,Female,48,196.2,89.8,32,65,37.6
1246,Male,58,153.9,107.0,86,157,36.3
1247,Male,31,196.5,103.8,56,176,38.4
1248,Female,22,185.4,106.2,26,66,37.1
1249,Female,28,166.5,111.6,66,105,38.4
1250,Female,57,169.5,115.6,63,116,36.3
1251,Male,22,187.0,78.4,100,113,37.9
1252,Female,46,180.1,89.8,61,151,37.5
1253,Female,28,183.6,105.3,31,105,38.1
1254,Female,22,169.5,98.8,110,69,37.5
1255,Male,49,174.4,119.7,92,63,38.4
1256,Female,53,199.5,51.0,48,126,37.6
1257,Male,32,160.7,74.9,108,84,38.0
1258,Female,36,170.9,69.7,22,146,38.2
1259,Female,39,164.6,68.4,87,150,37.8
1260,Male,51,188.3,65.6,104,137,37.3
1261,Female,34,188.2,99.6,118,120,36.7
1262,Male,29,164.6,55.9,75,97,38.1
1263,Female,42,154.1,101.9,119,91,37.2
1264,Male,34,150.6,98.5,61,82,37.6
1265,Female,27,171.4,67.6,112,170,36.2
1266,Male,45,170.5,67.7,110,163,37.2
1267,Male,35,199.4,94.0,23,96,37.7
1268,Female,35,173.5,103.4,82,62,37.5
1269,Male,62,162.8,111.4,83,158,37.1
1270,Female,49,194.6,109.6,72,72,36.6
1271,Male,31,174.6,117.5,80,93,36.8
1272,Female,33,180.0,90.7,37,147,37.8
1273,Female,35,154.8,113.6,119,124,36.6
1274,Female,33,169.1,106.6,98,135,37.6
1275,Female,34,197.2,112.6,55,67,37.5
1276,Male,24,179.5,50.8,37,142,38.4
1277,Female,29,167.2,117.6,11,68,36.2
1278,Female,51,181.3,83.1,26,87,36.3
1279,Female,27,195.5,105.9,68,137,37.3
1280,Female,22,163.7,58.9,61,150,37.3
1281,Female,38,175.3,77.7,13,77,36.1
1282,Male,20,197.9,69.0,86,101,38.1
1283,Female,36,158.6,70.4,91,100,37.2
1284,Male,62,186.0,58.6,12,129,36.9
1285,Male,61,180.7,106.4,46,92,36.8
1286,Female,52,184.0,50.6,106,160,38.2
1287,Female,23,167.6,71.9,114,165,36.5
1288,Male,31,165.7,62.2,33,148,36.4
1289,Male,21,184.2,91.2,81,136,36.5
1290,Male,62,160.8,67.8,44,113,37.6
1291,Female,35,171.0,68.1,11,146,38.0
1292,Male,46,159.4,84.2,42,95,36.8
1293,Male,52,150.4,95.7,85,156,36.4
1294,Female,55,198.5,58.5,95,144,36.5
1295,Male,33,171.6,62.3,86,157,37.5
1296,Female,37,198.5,67.3,19,115,36.6
1297,Male,41,157.0,118.2,90,159,38.2
1298,Female,52,179.4,77.8,71,76,36.3
1299,Male,61,160.0,91.9,52,69,36.1
1300,Female,36,189.5,66.9,78,146,36.2
1301,Female,21,189.2,84.3,68,103,38.1
1302,Male,50,155.6,55.2,18,61,37.6
1303,Female,19,195.6,52.4,86,158,38.4
1304,Male,30,159.7,82.8,69,73,36.8
1305,Female,62,180.6,77.9,72,170,36.5
1306,Female,47,199.3,59.6,61,168,37.4
1307,Female,51,194.1,98.1,32,100,37.3
1308,Female,47,197.8,119.5,39,61,37.5
1309,Female,41,167.1,77.7,52,78,36.9
1310,Female,61,155.3,93.7,77,139,36.0
1311,Female,50,159.4,117.4,30,166,36.1
1312,Male,58,175.0,108.2,52,167,37.7
1313,Male,27,189.7,82.4,82,148,37.3
1314,Female,35,157.5,101.6,16,60,38.1
1315,Female,36,183.0,59.0,25,61,36.8
1316,Female,24,166.2,85.8,32,171,38.0
1317,Male,36,167.1,69.5,67,86,37.1
1318,Female,41,183.1,61.3,96,61,36.2
1319,Male,32,173.3,79.8,40,153,38.4
1320,Female,58,190.6,59.2,78,110,37.3
1321,Female,59,157.8,98.9,15,69,37.6
1322,Female,40,189.5,81.9,74,78,37.7
1323,Female,21,153.2,87.2,68,165,36.9
1324,Female,55,159.7,60.2,37,139,37.9
1325,Male,21,182.8,59.8,27,72,38.2
1326,Female,22,192.7,90.8,97,107,37.0
1327,Male,58,162.6,119.0,86,173,37.6
1328,Male,61,166.4,56.7,106,115,37.9
1329,Female,40,176.9,70.0,19,131,36.5
1330,Female,57,160.6,110.9,16,115,36.8
1331,Female,54,190.6,55.1,46,109,36.3
1332,Male,28,188.7,111.3,105,154,37.5
1333,Male,28,157.3,86.7,54,104,38.0
1334,Male,30,173.2,78.6,95,148,37.5
1335,Female,31,188.7,71.7,25,118,36.4
1336,Male,25,166.9,70.8,97,98,37.4
1337,Male,42,181.7,71.4,23,80,38.1
1338,Male,35,152.5,111.9,20,114,36.8
1339,Female,61,180.4,100.7,92,179,38.1
1340,Male,61,157.6,96.9,96,116,38.0
1341,Male,35,191.5,105.9,43,173,36.1
1342,Female,27,167.8,68.0,69,161,36.6
1343,Female,24,164.1,93.3,113,100,37.4
1344,Female,61,192.0,82.2,22,152,37.8
1345,Male,31,152.5,104.8,48,129,38.2
1346,Male,32,169.8,71.6,53,141,37.6
1347,Male,33,168.5,95.0,37,108,37.0
1348,Female,19,164.2,111.8,49,103,36.5
1349,Male,47,195.6,78.2,25,94,37.9
1350,Female,47,187.5,54.7,59,150,36.5
1351,Female,35,153.2,86.1,37,64,37.7
1352,Male,48,185.7,74.2,77,130,36.5
1353,Male,61,176.4,97.1,101,133,36.2
1354,Male,30,195.0,116.6,69,133,36.6
1355,Female,37,165.6,84.0,21,110,36.7
1356,Female,52,178.7,82.6,25,116,37.6
1357,Male,40,175.0,95.8,62,117,36.4
1358,Female,59,174.5,57.2,63,151,38.3
1359,Male,50,172.8,67.7,58,95,37.4
1360,Male,55,160.3,114.3,45,69,37.2
1361,Male,52,187.8,96.9,71,109,37.1
1362,Female,53,172.6,50.9,93,158,37.4
1363,Female,37,197.9,64.3,35,176,36.1
1364,Male,20,163.0,97.8,65,158,38.5
1365,Male,25,184.1,103.5,99,96,37.4
1366,Female,57,197.0,108.8,31,171,36.1
1367,Male,49,183.2,70.5,82,79,37.5
1368,Female,46,193.6,115.2,78,72,37.1
1369,Male,24,191.4,88.7,90,134,36.1
1370,Female,19,168.0,98.8,58,168,38.3
1371,Male,38,180.0,91.8,107,78,36.0
1372,Female,23,157.8,58.6,11,151,37.4
1373,Male,45,176.8,117.4,62,161,38.4
1374,Female,59,161.5,58.6,16,115,36.6
1375,Female,53,187.2,67.8,109,104,36.6
1376,Female,49,176.4,107.0,86,119,36.0
1377,Female,62,170.6,93.3,29,127,36.2
1378,Male,59,163.4,108.7,103,116,36.1
1379,Female,63,199.9,86.1,39,113,38.1
1380,Female,26,153.6,76.4,84,96,38.1
1381,Male,28,152.2,114.5,104,142,37.8
1382,Female,40,160.9,52.5,76,96,36.9
1383,Male,28,198.6,109.9,68,176,38.1
1384,Female,19,199.0,66.2,75,73,37.3
1385,Female,20,182.7,109.4,12,154,36.8
1386,Female,28,194.0,59.7,65,151,37.1
1387,Female,52,160.7,90.6,88,159,36.2
1388,Female,32,198.6,112.2,26,103,38.4
1389,Female,60,157.1,83.1,61,161,37.5
1390,Male,28,155.1,102.3,16,142,37.8
1391,Male,48,155.6,106.3,14,101,37.7
1392,Female,45,178.7,101.6,107,60,37.7
1393,Female,45,189.0,114.8,106,82,36.0
1394,Male,49,168.3,81.3,63,178,37.3
1395,Male,42,198.9,62.1,70,123,38.1
1396,Female,37,171.7,53.3,118,87,36.1
1397,Female,45,157.5,67.3,25,171,38.4
1398,Female,42,173.3,60.0,110,63,37.1
1399,Female,28,184.0,89.1,76,100,36.7
1400,Female,36,191.6,62.9,68,119,37.3
1401,Female,45,172.9,52.7,56,77,38.0
1402,Male,18,179.7,52.5,57,122,37.2
1403,Female,22,163.4,108.2,116,120,37.6
1404,Female,27,182.3,91.4,73,108,37.2
1405,Male,59,199.3,75.1,59,106,37.6
1406,Male,63,152.5,112.6,94,174,36.3
1407,Male,51,194.3,54.9,50,98,36.1
1408,Male,53,178.1,118.6,81,148,36.3
1409,Female,19,162.6,93.1,31,141,36.7
1410,Male,35,197.7,62.8,63,65,36.6
1411,Male,30,174.2,97.5,14,142,37.5
1412,Female,22,166.6,103.4,26,112,37.1
1413,Male,37,159.1,80.1,110,135,36.1
1414,Male,19,162.2,110.3,87,84,36.1
1415,Female,28,191.6,60.6,112,158,36.2
1416,Female,47,180.7,69.5,50,124,36.9
1417,Female,49,195.7,56.5,101,64,36.0
1418,Female,49,161.6,64.8,104,124,37.2
1419,Female,55,156.1,66.7,90,67,36.9
1420,Female,45,150.3,114.2,44,98,37.4
1421,Female,27,175.4,55.5,49,170,37.8
1422,Male,39,199.9,79.9,31,102,36.6
1423,Male,34,184.7,87.3,118,141,36.4
1424,Female,39,165.4,112.9,57,169,36.7
1425,Male,60,193.8,119.8,62,132,36.0
1426,Female,36,189.1,102.7,102,64,36.3
1427,Male,34,150.8,118.0,19,178,37.9
1428,Female,41,190.8,105.1,27,63,36.6
1429,Male,53,165.0,117.4,108,167,38.5
1430,Female,49,157.5,99.5,117,152,36.4
1431,Male,63,161.3,55.6,89,60,38.0
1432,Female,53,173.4,78.1,58,153,37.8
1433,Male,45,171.2,95.3,80,115,36.8
1434,Male,31,164.4,74.6,39,104,36.8
1435,Female,53,158.6,69.1,28,124,37.4
1436,Male,23,188.1,90.4,64,62,38.1
1437,Male,26,199.5,115.3,69,81,37.0
1438,Male,38,188.9,52.4,96,131,36.2
1439,Male,29,164.8,103.8,81,115,36.9
1440,Male,47,162.2,100.6,90,77,36.5
1441,Female,48,160.9,117.5,30,84,38.3
1442,Female,57,156.8,115.1,35,107,37.7
1443,Male,21,177.6,103.4,37,175,36.1
1444,Female,48,180.3,86.4,48,143,36.7
1445,Male,44,185.3,64.3,42,90,36.1
1446,Female,42,184.0,88.2,49,89,38.1
1447,Male,22,164.6,103.6,92,139,38.3
1448,Male,23,166.5,112.7,38,125,36.3
1449,Male,22,184.1,105.3,29,140,37.1
1450,Male,44,167.5,63.7,29,69,38.3
1451,Female,25,160.6,92.0,83,130,36.4
1452,Female,26,168.7,73.3,21,118,36.7
1453,Female,32,163.6,50.6,106,165,36.8
1454,Male,53,154.4,64.0,34,110,36.1
1455,Female,58,191.5,57.9,34,175,36.1
1456,Female,24,192.7,109.0,13,68,38.4
1457,Male,49,161.0,68.1,13,113,37.4
1458,Male,25,153.2,69.9,18,121,36.8
1459,Male,64,186.9,117.2,24,140,36.9
1460,Female,32,160.6,76.5,35,68,37.8
1461,Female,54,169.7,50.7,88,68,36.9
1462,Male,36,153.2,69.9,99,160,36.6
1463,Female,56,161.3,58.4,101,83,36.3
1464,Male,23,189.6,57.2,80,98,37.8
1465,Female,36,190.2,55.4,41,134,36.5
1466,Male,45,160.4,91.5,85,67,36.2
1467,Female,34,166.8,63.3,108,84,37.1
1468,Female,59,156.7,75.3,61,169,36.1
1469,Female,36,153.7,110.3,41,125,38.4
1470,Male,48,199.6,79.7,18,69,37.6
1471,Male,28,182.8,114.1,87,176,36.4
1472,Male,32,177.1,84.9,22,83,36.4
1473,Female,27,188.3,77.9,65,171,37.4
1474,Male,60,192.0,102.5,53,139,36.9
1475,Female,40,190.3,55.1,106,142,37.9
1476,Male,20,150.8,56.3,105,118,37.4
1477,Male,20,159.3,95.6,92,90,37.1
1478,Female,35,182.7,84.1,39,70,38.4
1479,Female,42,168.8,105.3,25,65,37.0
1480,Male,60,199.1,114.1,21,129,37.0
1481,Male,37,183.3,77.2,83,91,37.7
1482,Female,46,197.8,91.7,75,98,38.0
1483,Female,39,160.1,85.0,27,107,37.6
1484,Male,32,193.2,118.7,22,72,37.7
1485,Female,56,166.1,108.2,102,118,36.9
1486,Male,27,199.5,113.8,33,126,37.2
1487,Male,38,157.9,67.8,111,115,36.5
1488,Male,46,175.8,104.1,21,179,37.7
1489,Female,49,189.6,68.6,69,100,36.6
1490,Male,27,171.6,64.6,69,115,36.0
1491,Male,30,173.4,116.1,102,94,38.3
1492,Female,64,199.3,51.4,95,97,36.8
1493,Female,40,171.3,117.6,109,140,36.5
1494,Female,40,180.2,60.4,10,126,36.7
1495,Male,48,152.7,107.4,52,93,36.8
1496,Female,21,192.1,69.3,64,135,37.2
1497,Female,20,182.4,74.5,49,147,36.2
1498,Male,38,170.2,65.2,73,129,36.1
1499,Male,19,150.8,91.0,43,165,36.7
1500,Male,21,179.6,74.4,43,70,36.7
